#	Service Line (L1)	Service Line (L1) Leader	Capability (L2)	Capability (L2) Leader	Solution Set (L3)	Solution Set (L3) Leader	Sub-function (L4)	Sub-function Leader
1	Business Applications	Matt Kenney	—	—	—	—	—	—
2	Business Applications	Matt Kenney	Cloud Native	Dan Beil	—	—	—	—
3	Business Applications	Matt Kenney	Oracle NetSuite	Chris Goguen	—	—	—	—
4	Business Applications	Matt Kenney	Oracle NetSuite	Chris Goguen	NetSuite Global	Chris Goguen	—	—
5	Business Applications	Matt Kenney	Oracle NetSuite	Chris Goguen	PSA Solutions	Chris Goguen	—	—
6	Business Applications	Matt Kenney	Sage Intacct	John Szuberla	—	—	—	—
7	Business Applications	Matt Kenney	Salesforce	Chris Zak	—	—	—	—
8	Business Applications	Matt Kenney	Salesforce	Chris Zak	Salesforce Core	Chris Zak	—	—
9	Business Applications	Matt Kenney	Salesforce	Chris Zak	Salesforce Revenue Cloud	Chris Zak	—	—
10	Business Applications	Matt Kenney	Salesforce	Chris Zak	Salesforce Technical	Chris Zak	—	—
11	Business Applications	Matt Kenney	D365	Matt Kenney	—	—	—	—
12	Business Applications	Matt Kenney	D365	Matt Kenney	Business Central	Kirk Sloan	—	—
13	Business Applications	Matt Kenney	D365	Matt Kenney	Business Central	Kirk Sloan	Business Central	Kirk Sloan
14	Business Applications	Matt Kenney	D365	Matt Kenney	Customer Engagement	Jeff Marker	—	—
15	Business Applications	Matt Kenney	D365	Matt Kenney	Customer Engagement	Jeff Marker	Customer Engagement	Jeff Marker
16	Business Applications	Matt Kenney	D365	Matt Kenney	Enterprise	Brian Homan	—	—
17	Business Applications	Matt Kenney	D365	Matt Kenney	Enterprise	Brian Homan	Enterprise Technical	Brian Homan
18	Business Applications	Matt Kenney	Power Factory	Simon Chan	—	—	—	—
19	Business Applications	Matt Kenney	Managed App Services (MAS)	Debby Smith	—	—	—	—
20	Business Applications	Matt Kenney	Managed App Services (MAS)	Debby Smith	MAS Cloud Native	Debby Smith	—	—
21	Business Applications	Matt Kenney	Managed App Services (MAS)	Debby Smith	MAS Cloud Native	Danielle Cooke	—	—
22	Business Applications	Matt Kenney	Managed App Services (MAS)	Debby Smith	MAS Microsoft	Debby Smith	—	—
23	Business Applications	Matt Kenney	Managed App Services (MAS)	Debby Smith	MAS Microsoft BC	Mike Persichini	—	—
24	Business Applications	Matt Kenney	Managed App Services (MAS)	Debby Smith	MAS Microsoft CE	Cody Gonzales	—	—
25	Business Applications	Matt Kenney	Managed App Services (MAS)	Debby Smith	MAS Microsoft FS	Scott Dudley	—	—
26	Business Applications	Matt Kenney	Managed App Services (MAS)	Debby Smith	MAS Quality Engineering	Debby Smith	—	—
27	Business Applications	Matt Kenney	Managed App Services (MAS)	Debby Smith	MAS Quality Engineering	Chris Dragon	—	—
28	Business Applications	Matt Kenney	Product Strategy (PS)	Stefan Lanziner	—	—	—	—
29	Business Applications	Matt Kenney	PS Enablement	Stefan Lanziner	PS Industry Solutions	Stefan Lanziner	—	—
30	Business Applications	Matt Kenney	Specialty	Michele Juliana	—	—	—	—
31	Business Applications	Matt Kenney	Dayforce	Jennifer Southworth	—	—	—	—
32	Business Applications	Matt Kenney	NFP Relationship Mgmt	Craig Dellorso	—	—	—	—
33	Business Applications	Matt Kenney	SMB	Tom Burtner	—	—	—	—
34	Business Applications	Matt Kenney	UKG	Chris Mueller	—	—	—	—
1	Data and Digital Services	Jim Klimkowski	—	—	—	—	—	—
2	Data and Digital Services	Jim Klimkowski	DDS App Dev and Integration	Michael Cordell	—	—	—	—
3	Data and Digital Services	Jim Klimkowski	DDS App Dev and Integration	Michael Cordell	DDS AD Cloud App Engineering	Michael Cordell	—	—
4	Data and Digital Services	Jim Klimkowski	DDS App Dev and Integration	Michael Cordell	DDS AD Cloud App Engineering	Michael Cordell	DDS AD Cloud App Engineering	Michael Cordell
5	Data and Digital Services	Jim Klimkowski	DDS App Dev and Integration	Michael Cordell	DDS AD Custom Apps	Michael Cordell	—	—
6	Data and Digital Services	Jim Klimkowski	DDS App Dev and Integration	Michael Cordell	DDS AD Low-Code/No-Code	Michael Cordell	—	—
7	Data and Digital Services	Jim Klimkowski	DDS App Dev and Integration	Brandon Haas	—	—	—	—
8	Data and Digital Services	Jim Klimkowski	DDS App Dev and Integration	Brandon Haas	DDS AD Microsoft App Engineering	Brandon Haas	—	—
9	Data and Digital Services	Jim Klimkowski	DDS App Dev and Integration	Faisal Muhammed	—	—	—	—
10	Data and Digital Services	Jim Klimkowski	DDS App Dev and Integration	Faisal Muhammed	DDS AD Enterprise Integration and Mig	Faisal Muhammed	—	—
11	Data and Digital Services	Jim Klimkowski	DDS App Dev and Integration	Faisal Muhammed	DDS AD Enterprise Integration and Mig	Faisal Muhammed	DDS AD Enterprise Integration and Mig	Faisal Muhammed
12	Data and Digital Services	Jim Klimkowski	DDS App Dev and Integration	Haroon Qureshi	—	—	—	—
13	Data and Digital Services	Jim Klimkowski	DDS App Dev and Integration	Haroon Qureshi	DDS AD Testing & Quality Engineering	Haroon Qureshi	—	—
14	Data and Digital Services	Jim Klimkowski	DDS App Dev and Integration	Haroon Qureshi	DDS AD Testing & Quality Engineering	Haroon Qureshi	DDS AD Testing & Quality Engineering	Haroon Qureshi
15	Data and Digital Services	Jim Klimkowski	DDS App Dev and Integration	Faisal Muhammed	—	—	—	—
16	Data and Digital Services	Jim Klimkowski	DDS App Dev and Integration	Faisal Muhammed	DDS AD Microsoft App Modernization	Faisal Muhammed	—	—
17	Data and Digital Services	Jim Klimkowski	DDS App Dev and Integration	Faisal Muhammed	DDS AD Microsoft App Modernization	Faisal Muhammed	DDS AD Microsoft App Modernization	Faisal Muhammed
18	Data and Digital Services	Jim Klimkowski	DDS Data & Analytics	Brandon Neely	—	—	—	—
19	Data and Digital Services	Jim Klimkowski	DDS Data & Analytics	Brandon Neely	DDS DA Analytics Modernization	Brandon Neely	—	—
20	Data and Digital Services	Jim Klimkowski	DDS Data & Analytics	Brandon Neely	DDS DA Analytics Modernization	Brandon Neely	DDS DA Analytics Modernization	Brandon Neely
21	Data and Digital Services	Jim Klimkowski	DDS Data & Analytics	Brandon Neely	DDS DA Artificial Intelligence	Brandon Neely	—	—
22	Data and Digital Services	Jim Klimkowski	DDS Data & Analytics	Brandon Neely	DDS DA Data Management	Brandon Neely	—	—
23	Data and Digital Services	Jim Klimkowski	DDS Data & Analytics	Brandon Neely	DDS DA Data Management	Brandon Neely	DDS DA Data Management	Brandon Neely
24	Data and Digital Services	Jim Klimkowski	DDS Data & Analytics	Brandon Neely	DDS DA Data Science	Brandon Neely	—	—
25	Data and Digital Services	Jim Klimkowski	DDS Data & Analytics	Brandon Neely	DDS DA Data Science	Brandon Neely	DDS DA Data Science	Brandon Neely
26	Data and Digital Services	Jim Klimkowski	DDS Enterprise Platforms	Jim Klimkowski	—	—	—	—
27	Data and Digital Services	Jim Klimkowski	DDS Enterprise Platforms	Jim Klimkowski	DDS EP D365 CE	Jim Klimkowski	—	—
28	Data and Digital Services	Jim Klimkowski	DDS Enterprise Platforms	Jim Klimkowski	DDS EP D365 F&O	Jim Klimkowski	—	—
29	Data and Digital Services	Jim Klimkowski	DDS Enterprise Platforms	Jim Klimkowski	DDS EP D365 F&O	Jim Klimkowski	DDS EP D365 F&O	Jim Klimkowski
30	Data and Digital Services	Jim Klimkowski	DDS Enterprise Platforms	Jim Klimkowski	DDS EP SAP	Jim Klimkowski	—	—
31	Data and Digital Services	Jim Klimkowski	DDS Enterprise Platforms	Jim Klimkowski	DDS EP SAP	Jim Klimkowski	DDS EP SAP	Jim Klimkowski
32	Data and Digital Services	Jim Klimkowski	DDS Enterprise Platforms	Jim Klimkowski	DDS EP ServiceNow	Jim Klimkowski	—	—
33	Data and Digital Services	Jim Klimkowski	DDS Enterprise Platforms	Jim Klimkowski	DDS EP ServiceNow	Jim Klimkowski	DDS EP ServiceNow	Jim Klimkowski
34	Data and Digital Services	Jim Klimkowski	DDS Modern Workplace	Hilary McCauley	—	—	—	—
35	Data and Digital Services	Jim Klimkowski	DDS Modern Workplace	Hilary McCauley	DDS MW Adoption & Governance	Hilary McCauley	—	—
36	Data and Digital Services	Jim Klimkowski	DDS Modern Workplace	Hilary McCauley	DDS MW Adoption & Governance	Hilary McCauley	DDS MW Adoption & Governance	Hilary McCauley
37	Data and Digital Services	Jim Klimkowski	DDS Modern Workplace	Hilary McCauley	DDS MW Employee Engagement	Hilary McCauley	—	—
38	Data and Digital Services	Jim Klimkowski	DDS Modern Workplace	Hilary McCauley	DDS MW Employee Engagement	Hilary McCauley	DDS MW Employee Engagement	Hilary McCauley
39	Data and Digital Services	Jim Klimkowski	DDS Technology Strategy & Ops	Preston Maloy	—	—	—	—
40	Data and Digital Services	Jim Klimkowski	DDS Technology Strategy & Ops	Preston Maloy	DDS TSO Platform Strategy	Preston Maloy	—	—
41	Data and Digital Services	Jim Klimkowski	DDS Technology Strategy & Ops	Preston Maloy	DDS TSO Platform Strategy	Preston Maloy	DDS TSO Platform Strategy	Preston Maloy
42	Data and Digital Services	Jim Klimkowski	DDS Technology Strategy & Ops	Preston Maloy	DDS TSO Technology Ops	Preston Maloy	—	—
43	Data and Digital Services	Jim Klimkowski	DDS Technology Strategy & Ops	Preston Maloy	DDS TSO Technology Ops	Preston Maloy	DDS TSO Technology Ops	Preston Maloy
44	Data and Digital Services	Jim Klimkowski	DDS Technology Strategy & Ops	Tim Livingston	—	—	—	—
45	Data and Digital Services	Jim Klimkowski	DDS Technology Strategy & Ops	Tim Livingston	DDS TSO Innovation Hub	Tim Livingston	—	—
46	Data and Digital Services	Jim Klimkowski	DDS Technology Strategy & Ops	Tim Livingston	DDS TSO Innovation Hub	Tim Livingston	DDS TSO Innovation Hub	Tim Livingston
47	Data and Digital Services	Jim Klimkowski	DDS Enterprise Architecture	Veronica Moran	—	—	—	—
48	Data and Digital Services	Jim Klimkowski	DDS Enterprise Architecture	Veronica Moran	DDS EA Platform Architecture	Veronica Moran	—	—
49	Data and Digital Services	Jim Klimkowski	DDS Enterprise Architecture	Veronica Moran	DDS EA Platform Architecture	Veronica Moran	DDS EA Platform Architecture	Veronica Moran
50	Data and Digital Services	Jim Klimkowski	DDS Enterprise Architecture	Veronica Moran	DDS EA Solution Architecture	Veronica Moran	—	—
51	Data and Digital Services	Jim Klimkowski	DDS Enterprise Architecture	Veronica Moran	DDS EA Solution Architecture	Veronica Moran	DDS EA Solution Architecture	Veronica Moran
52	Data and Digital Services	Jim Klimkowski	DDS Enterprise Architecture	Veronica Moran	DDS EA Technical Architecture	Veronica Moran	—	—
53	Data and Digital Services	Jim Klimkowski	DDS Enterprise Architecture	Veronica Moran	DDS EA Technical Architecture	Veronica Moran	DDS EA Technical Architecture	Veronica Moran
54	Data and Digital Services	Jim Klimkowski	DDS Security & Privacy	Ben Hitchcock	—	—	—	—
55	Data and Digital Services	Jim Klimkowski	DDS Security & Privacy	Ben Hitchcock	DDS SP Cyber Security	Ben Hitchcock	—	—
56	Data and Digital Services	Jim Klimkowski	DDS Security & Privacy	Ben Hitchcock	DDS SP Cyber Security	Ben Hitchcock	DDS SP Cyber Security	Ben Hitchcock
57	Data and Digital Services	Jim Klimkowski	DDS Security & Privacy	Ben Hitchcock	DDS SP Privacy	Ben Hitchcock	—	—
58	Data and Digital Services	Jim Klimkowski	DDS Security & Privacy	Ben Hitchcock	DDS SP Privacy	Ben Hitchcock	DDS SP Privacy	Ben Hitchcock
59	Data and Digital Services	Jim Klimkowski	DDS Security & Privacy	Ben Hitchcock	DDS SP Risk Management	Ben Hitchcock	—	—
60	Data and Digital Services	Jim Klimkowski	DDS Security & Privacy	Ben Hitchcock	DDS SP Risk Management	Ben Hitchcock	DDS SP Risk Management	Ben Hitchcock
61	Data and Digital Services	Jim Klimkowski	DDS Security & Privacy	Ben Hitchcock	DDS SP Third-Party Risk	Ben Hitchcock	—	—
62	Data and Digital Services	Jim Klimkowski	DDS Security & Privacy	Ben Hitchcock	DDS SP Third-Party Risk	Ben Hitchcock	DDS SP Third-Party Risk	Ben Hitchcock
63	Data and Digital Services	Jim Klimkowski	DDS Technology Delivery	Preston Maloy	—	—	—	—
64	Data and Digital Services	Jim Klimkowski	DDS Technology Delivery	Preston Maloy	DDS TD Delivery Management	Preston Maloy	—	—
65	Financial Consulting (FC)	Stacy Dow	—	—	—	—	—	—
66	Financial Consulting (FC)	Stacy Dow	FC Accounting & Finance Consulting (AFC)	Tom Dimino	—	—	—	—
67	Financial Consulting (FC)	Stacy Dow	FC Accounting & Finance Consulting (AFC)	Tom Dimino	FC AFC Managed Services	Tom Dimino	—	—
68	Financial Consulting (FC)	Stacy Dow	FC Accounting & Finance Consulting (AFC)	Tom Dimino	FC AFC Managed Services	Tom Dimino	FC AFC Mgd Svcs FaaS	Caitlin Hughes & Mike Smith
69	Financial Consulting (FC)	Stacy Dow	FC Accounting & Finance Consulting (AFC)	Tom Dimino	FC AFC Managed Services	Tom Dimino	FC AFC Mgd Svcs Fund Svcs +	Bill Andreoni
70	Financial Consulting (FC)	Stacy Dow	FC Accounting & Finance Consulting (AFC)	Tom Dimino	FC AFC Managed Services	Tom Dimino	FC AFC Mgd Svcs Payroll Svcs	Lola Twisdale
71	Financial Consulting (FC)	Stacy Dow	FC Accounting & Finance Consulting (AFC)	Tom Dimino	FC AFC Managed Services	Tom Dimino	FC AFC Mgd Svcs Tech Delivery	Megan Dumm
72	Financial Consulting (FC)	Stacy Dow	FC Accounting & Finance Consulting (AFC)	Tom Dimino	FC AFC Non‑Managed Services	Tom Dimino	—	—
73	Financial Consulting (FC)	Stacy Dow	FC Accounting & Finance Consulting (AFC)	Tom Dimino	FC AFC Non‑Managed Services	Tom Dimino	FC AFC Acctg & Fin Opt (AFO)	Raffi Margossian
74	Financial Consulting (FC)	Stacy Dow	FC Accounting & Finance Consulting (AFC)	Tom Dimino	FC AFC Non‑Managed Services	Tom Dimino	FC AFC Innovation	Sean Indick
75	Financial Consulting (FC)	Stacy Dow	FC Accounting & Finance Consulting (AFC)	Tom Dimino	FC AFC Non‑Managed Services	Tom Dimino	FC AFC Public Co Solutions	Bill Gaetz
76	Financial Consulting (FC)	Stacy Dow	FC Accounting & Finance Consulting (AFC)	Tom Dimino	FC AFC Non‑Managed Services	Tom Dimino	FC AFC Strategic Finance & FP&A	Jeff Katz
77	Financial Consulting (FC)	Stacy Dow	FC Accounting & Finance Consulting (AFC)	Tom Dimino	FC AFC Non‑Managed Services	Tom Dimino	FC AFC TAC	Mike Cahill
78	Financial Consulting (FC)	Stacy Dow	FC Actuarial Services	Fab Naranjo	—	—	—	—
79	Financial Consulting (FC)	Stacy Dow	FC Actuarial Services	Fab Naranjo	FC Actuarial Services	Fab Naranjo	—	—
80	Financial Consulting (FC)	Stacy Dow	FC Actuarial Services	Fab Naranjo	FC Actuarial Services	Fab Naranjo	FC Actuarial Services	Fab Naranjo
81	Financial Consulting (FC)	Stacy Dow	FC Financial Investigation & Dispute (FIDS)	Stephanie Giammarco	—	—	—	—
82	Financial Consulting (FC)	Stacy Dow	FC Financial Investigation & Dispute (FIDS)	Stephanie Giammarco	FC FIDS	Stephanie Giammarco	—	—
83	Financial Consulting (FC)	Stacy Dow	FC Financial Investigation & Dispute (FIDS)	Stephanie Giammarco	FC FIDS	Stephanie Giammarco	FC FIDS Business Interruption	Tim Zimmerman
84	Financial Consulting (FC)	Stacy Dow	FC Financial Investigation & Dispute (FIDS)	Stephanie Giammarco	FC FIDS	Stephanie Giammarco	FC FIDS Financial Investigation & Dispute	Stephanie Giammarco
85	Financial Consulting (FC)	Stacy Dow	FC Financial Investigation & Dispute (FIDS)	Stephanie Giammarco	FC FIDS	Stephanie Giammarco	FC FIDS Monitorship Compliance	Theresa Merlino
86	Financial Consulting (FC)	Stacy Dow	FC ValSvcs	Kevin Vannucci	—	—	—	—
87	Financial Consulting (FC)	Stacy Dow	FC ValSvcs	Kevin Vannucci	FC ValSvcs	Kevin Vannucci	—	—
88	Financial Consulting (FC)	Stacy Dow	FC ValSvcs	Kevin Vannucci	FC ValSvcs	Kevin Vannucci	FC ValSvcs Business Val	Kevin Vannucci
89	Financial Consulting (FC)	Stacy Dow	FC ValSvcs	Kevin Vannucci	FC ValSvcs	Kevin Vannucci	FC Val Svcs CFI	Arlene Towarnicke
90	Financial Consulting (FC)	Stacy Dow	FC ValSvcs	Kevin Vannucci	FC ValSvcs	Kevin Vannucci	FC Val Svcs Machinery Equip	Scott Jacobson
91	Financial Consulting (FC)	Stacy Dow	FC ValSvcs	Kevin Vannucci	FC ValSvcs	Kevin Vannucci	FC Val Svcs Real Estate	Joel Baxley & Seun Olatoye‑Ojo
92	Managed IT Cloud & Infrastructure (MCI)	Bjorn Hill	—	—	—	—	—	—
93	Managed IT Cloud & Infrastructure (MCI)	Bjorn Hill	MCI Advisory	Diego Rosenfeld	—	—	—	—
94	Managed IT Cloud & Infrastructure (MCI)	Bjorn Hill	MCI Advisory	Diego Rosenfeld	MCI Adv CR3 & VR	George Kohlhofer	—	—
95	Managed IT Cloud & Infrastructure (MCI)	Bjorn Hill	MCI Advisory	Diego Rosenfeld	MCI Adv CR3 & VR	George Kohlhofer	MCI Adv CR3 & VR	George Kohlhofer
96	Managed IT Cloud & Infrastructure (MCI)	Bjorn Hill	MCI Advisory	Diego Rosenfeld	MCI Adv GTM & Assessments	Diego Rosenfeld	—	—
97	Managed IT Cloud & Infrastructure (MCI)	Bjorn Hill	MCI Advisory	Diego Rosenfeld	MCI Adv GTM & Assessments	Diego Rosenfeld	MCI Adv GTM & Assessments	Diego Rosenfeld
98	Managed IT Cloud & Infrastructure (MCI)	Bjorn Hill	MCI Cloud Services	Bobbi Kuhlman	—	—	—	—
99	Managed IT Cloud & Infrastructure (MCI)	Bjorn Hill	MCI Cloud Services	Bobbi Kuhlman	MCI Cloud & Datacenter	Bobbi Kuhlman	—	—
100	Managed IT Cloud & Infrastructure (MCI)	Bjorn Hill	MCI Cloud Services	Bobbi Kuhlman	MCI Cloud & Datacenter	Bobbi Kuhlman	MCI Cloud & Datacenter	Bobbi Kuhlman
101	Managed IT Cloud & Infrastructure (MCI)	Bjorn Hill	MCI Cloud Services	Bobbi Kuhlman	MCI RSM Cloud	Bobbi Kuhlman	—	—
102	Managed IT Cloud & Infrastructure (MCI)	Bjorn Hill	MCI Cloud Services	Bobbi Kuhlman	MCI RSM Cloud	Bobbi Kuhlman	MCI RSM Cloud	Bobbi Kuhlman
103	Managed IT Cloud & Infrastructure (MCI)	Bjorn Hill	MCI Infrastructure	Ronald Beck	—	—	—	—
104	Managed IT Cloud & Infrastructure (MCI)	Bjorn Hill	MCI Infrastructure	Ronald Beck	MCI Infra Foundations	John Chambers	—	—
105	Managed IT Cloud & Infrastructure (MCI)	Bjorn Hill	MCI Infrastructure	Ronald Beck	MCI Infra Foundations	John Chambers	MCI Infra Foundations	John Chambers
106	Managed IT Cloud & Infrastructure (MCI)	Bjorn Hill	MCI Infrastructure	Ronald Beck	MCI Infra Network	Andrew Naab	—	—
107	Managed IT Cloud & Infrastructure (MCI)	Bjorn Hill	MCI Infrastructure	Ronald Beck	MCI Infra Network	Andrew Naab	MCI Infra Network	Andrew Naab
108	Managed IT Cloud & Infrastructure (MCI)	Bjorn Hill	MCI Infrastructure	Ronald Beck	MCI Infra MnA	Geoff Hopkins	—	—
109	Managed IT Cloud & Infrastructure (MCI)	Bjorn Hill	MCI Infrastructure	Ronald Beck	MCI Infra MnA	Geoff Hopkins	MCI Infra MnA	Geoff Hopkins
110	Managed IT Cloud & Infrastructure (MCI)	Bjorn Hill	MCI Infrastructure	Ronald Beck	MCI Infra MnA & Architecture	Mike Keough	—	—
111	Managed IT Cloud & Infrastructure (MCI)	Bjorn Hill	MCI Infrastructure	Ronald Beck	MCI Infra MnA & Architecture	Mike Keough	MCI Infra MnA & Architecture	Mike Keough
112	Managed IT Cloud & Infrastructure (MCI)	Bjorn Hill	MCI Modern Work	Ron Beck	—	—	—	—
113	Managed IT Cloud & Infrastructure (MCI)	Bjorn Hill	MCI Modern Work	Ron Beck	MCI Infra Content & Collab	Pat Petersen / William Jones	—	—
114	Managed IT Cloud & Infrastructure (MCI)	Bjorn Hill	MCI Modern Work	Ron Beck	MCI Infra Content & Collab	Pat Petersen / William Jones	MCI Infra Content & Collab	Pat Petersen / William Jones
115	Managed IT Cloud & Infrastructure (MCI)	Bjorn Hill	MCI Modern Work	Ron Beck	MCI Infra Productivity	Phil Heather	—	—
116	Managed IT Cloud & Infrastructure (MCI)	Bjorn Hill	MCI Modern Work	Ron Beck	MCI Infra Productivity	Phil Heather	MCI Infra Productivity	Phil Heather
117	Managed IT Cloud & Infrastructure (MCI)	Bjorn Hill	MCI Managed IT Services (MITS)	Martin Nichols	—	—	—	—
118	Managed IT Cloud & Infrastructure (MCI)	Bjorn Hill	MCI Managed IT Services (MITS)	Martin Nichols	MCI MITS Shared Services	James Martin	—	—
119	Managed IT Cloud & Infrastructure (MCI)	Bjorn Hill	MCI Managed IT Services (MITS)	Martin Nichols	MCI MITS Shared Services	James Martin	MCI MITS Shared Services	James Martin
120	Managed IT Cloud & Infrastructure (MCI)	Bjorn Hill	MCI Managed IT Services (MITS)	Martin Nichols	MCI MITS 247 Support	James Martin	—	—
121	Managed IT Cloud & Infrastructure (MCI)	Bjorn Hill	MCI Managed IT Services (MITS)	Martin Nichols	MCI MITS 247 Support	James Martin	MCI MITS 247 Support	James Martin
122	Managed IT Cloud & Infrastructure (MCI)	Bjorn Hill	MCI Managed IT Services (MITS)	Martin Nichols	MCI MITS Backoffice	Nadra Yazaji	—	—
123	Managed IT Cloud & Infrastructure (MCI)	Bjorn Hill	MCI Managed IT Services (MITS)	Martin Nichols	MCI MITS Backoffice	Nadra Yazaji	MCI MITS Backoffice	Nadra Yazaji
124	Managed IT Cloud & Infrastructure (MCI)	Bjorn Hill	MCI Managed IT Services (MITS)	Martin Nichols	MCI MITS CSD	James Martin	—	—
125	Managed IT Cloud & Infrastructure (MCI)	Bjorn Hill	MCI Managed IT Services (MITS)	Martin Nichols	MCI MITS CSD	James Martin	MCI MITS CSD	James Martin
126	Managed IT Cloud & Infrastructure (MCI)	Bjorn Hill	MCI Managed IT Services (MITS)	Martin Nichols	MCI MITS Field	James Cartwright / Adam Caputo	—	—
127	Managed IT Cloud & Infrastructure (MCI)	Bjorn Hill	MCI Managed IT Services (MITS)	Martin Nichols	MCI MITS Field	James Cartwright / Adam Caputo	MCI MITS Field	James Cartwright / Adam Caputo
128	Managed IT Cloud & Infrastructure (MCI)	Bjorn Hill	MCI Managed IT Services (MITS)	Martin Nichols	MCI MITS Onboarding	Jason Hill	—	—
129	Managed IT Cloud & Infrastructure (MCI)	Bjorn Hill	MCI Managed IT Services (MITS)	Martin Nichols	MCI MITS Onboarding	Jason Hill	MCI MITS Onboarding	Jason Hill
130	Managed IT Cloud & Infrastructure (MCI)	Bjorn Hill	MCI Managed IT Services (MITS)	Martin Nichols	MCI MITS Tier 3	Martin Nichols	—	—
131	Managed IT Cloud & Infrastructure (MCI)	Bjorn Hill	MCI Managed IT Services (MITS)	Martin Nichols	MCI MITS Tier 3	Martin Nichols	MCI MITS Tier 3	Martin Nichols
132	Managed IT Cloud & Infrastructure (MCI)	Bjorn Hill	MCI Managed IT Services (MITS)	Martin Nichols	MCI MITS Svc Excellence Teams (SET)	Martin Nichols	—	—
133	Managed IT Cloud & Infrastructure (MCI)	Bjorn Hill	MCI Managed IT Services (MITS)	Martin Nichols	MCI MITS Svc Excellence Teams (SET)	Martin Nichols	MCI MITS Enterprise SET	Martin Nichols
134	Managed IT Cloud & Infrastructure (MCI)	Bjorn Hill	MCI Managed IT Services (MITS)	Martin Nichols	MCI MITS Svc Excellence Teams (SET)	Martin Nichols	MCI MITS FI SET	Jerry Warrick
135	Managed IT Cloud & Infrastructure (MCI)	Bjorn Hill	MCI Managed IT Services (MITS)	Martin Nichols	MCI MITS Svc Excellence Teams (SET)	Martin Nichols	MCI MITS GovCon SET	Damon Frank
136	Managed IT Cloud & Infrastructure (MCI)	Bjorn Hill	MCI Managed IT Services (MITS)	Martin Nichols	MCI MITS Svc Excellence Teams (SET)	Martin Nichols	MCI MITS LS SET	Ryan Ecclestone
137	Managed IT Cloud & Infrastructure (MCI)	Bjorn Hill	MCI Managed IT Services (MITS)	Martin Nichols	MCI MITS Svc Excellence Teams (SET)	Martin Nichols	MCI MITS NE SET	Sharat Kumar
138	Managed IT Cloud & Infrastructure (MCI)	Bjorn Hill	MCI Managed IT Services (MITS)	Martin Nichols	MCI MITS Svc Excellence Teams (SET)	Martin Nichols	MCI MITS NFP SET	Patricio Cadena
139	Managed IT Cloud & Infrastructure (MCI)	Bjorn Hill	MCI Managed IT Services (MITS)	Martin Nichols	MCI MITS Svc Excellence Teams (SET)	Martin Nichols	MCI MITS North Central SET	Scott German
140	Managed IT Cloud & Infrastructure (MCI)	Bjorn Hill	MCI Managed IT Services (MITS)	Martin Nichols	MCI MITS Svc Excellence Teams (SET)	Martin Nichols	MCI MITS SE GL West SET	Noah Blindt
141	Managed IT Cloud & Infrastructure (MCI)	Bjorn Hill	MCI Managed IT Services (MITS)	Martin Nichols	MCI MITS Svc Excellence Teams (SET)	Martin Nichols	MCI MITS South Central SET	David Pierce
142	Management Consulting (MC)	Rick Shriner	—	—	—	—	—	—
143	Management Consulting (MC)	Rick Shriner	MC Business Transformation	Jim Cashin	—	—	—	—
144	Management Consulting (MC)	Rick Shriner	MC Business Transformation	Jim Cashin	MC CFO Advisory	Brandon Braganza	—	—
145	Management Consulting (MC)	Rick Shriner	MC Business Transformation	Jim Cashin	MC CFO Advisory	Brandon Braganza	MC CFO Advisory	Brandon Braganza
146	Management Consulting (MC)	Rick Shriner	MC Business Transformation	Jim Cashin	MC CIO Advisory	Rhys Morgan	—	—
147	Management Consulting (MC)	Rick Shriner	MC Business Transformation	Jim Cashin	MC CIO Advisory	Rhys Morgan	MC MnA CIO Advisory	Rhys Morgan
148	Management Consulting (MC)	Rick Shriner	MC Business Transformation	Jim Cashin	MC Human Capital Advisory	Marni Rozen	—	—
149	Management Consulting (MC)	Rick Shriner	MC Business Transformation	Jim Cashin	MC Human Capital Advisory	Marni Rozen	MC Human Capital Advisory	Marni Rozen
150	Management Consulting (MC)	Rick Shriner	MC Industry Advisory	Paul Calamita	—	—	—	—
151	Management Consulting (MC)	Rick Shriner	MC Industry Advisory	Paul Calamita	MC FI Advisory	Bill Clarkin	—	—
152	Management Consulting (MC)	Rick Shriner	MC Industry Advisory	Paul Calamita	MC FI Advisory	Bill Clarkin	MC FI Advisory	Bill Clarkin
153	Management Consulting (MC)	Rick Shriner	MC Industry Advisory	Paul Calamita	MC Food & Beverage Advisory	Casey Chapman	—	—
154	Management Consulting (MC)	Rick Shriner	MC Industry Advisory	Paul Calamita	MC Food & Beverage Advisory	Casey Chapman	MC Food & Beverage Advisory	Casey Chapman
155	Management Consulting (MC)	Rick Shriner	MC Industry Advisory	Paul Calamita	MC Govt Contracting Advisory	Giacomo Apadula	—	—
156	Management Consulting (MC)	Rick Shriner	MC Industry Advisory	Paul Calamita	MC Govt Contracting Advisory	Giacomo Apadula	MC Govt Contracting Advisory	Giacomo Apadula
157	Management Consulting (MC)	Rick Shriner	MC Industry Advisory	Paul Calamita	MC Life Sciences Advisory	Joe Goldberg	—	—
158	Management Consulting (MC)	Rick Shriner	MC Industry Advisory	Paul Calamita	MC Life Sciences Advisory	Joe Goldberg	MC Life Sciences Advisory	Joe Goldberg
159	Management Consulting (MC)	Rick Shriner	MC Industry Advisory	Paul Calamita	MC Manufacturing Advisory	Jake Winquist	—	—
160	Management Consulting (MC)	Rick Shriner	MC Industry Advisory	Paul Calamita	MC Manufacturing Advisory	Jake Winquist	MC Manufacturing Advisory	Jake Winquist
161	Management Consulting (MC)	Rick Shriner	MC Industry Advisory	Paul Calamita	MC Tech Sector Advisory	Kim Susko	—	—
162	Management Consulting (MC)	Rick Shriner	MC Industry Advisory	Paul Calamita	MC Tech Sector Advisory	Kim Susko	MC Tech Sector Advisory	Kim Susko
163	Management Consulting (MC)	Rick Shriner	MC Integrations & Separations	Gavin Backos	—	—	—	—
164	Management Consulting (MC)	Rick Shriner	MC Integrations & Separations	Gavin Backos	MC Integrations & Separations	Gavin Backos	—	—
165	Management Consulting (MC)	Rick Shriner	MC Integrations & Separations	Gavin Backos	MC Integrations & Separations	Gavin Backos	MC Integrations & Separations	Gavin Backos
166	Management Consulting (MC)	Rick Shriner	MC Program & Change Mgmt	Addison Blackwell / Heather Elliott	—	—	—	—
167	Management Consulting (MC)	Rick Shriner	MC Program & Change Mgmt	Addison Blackwell / Heather Elliott	MC Change Advisory	Jo‑Ann Balmer	—	—
168	Management Consulting (MC)	Rick Shriner	MC Program & Change Mgmt	Addison Blackwell / Heather Elliott	MC Change Advisory	Jo‑Ann Balmer	MC Change Advisory	Jo‑Ann Balmer
169	Management Consulting (MC)	Rick Shriner	MC Program & Change Mgmt	Addison Blackwell / Heather Elliott	MC Delivery Project Mgmt	Ashley Pickler	—	—
170	Management Consulting (MC)	Rick Shriner	MC Program & Change Mgmt	Addison Blackwell / Heather Elliott	MC Delivery Project Mgmt	Ashley Pickler	MC Delivery Project Mgmt	Ashley Pickler
171	Management Consulting (MC)	Rick Shriner	MC Program & Change Mgmt	Addison Blackwell / Heather Elliott	MC Global Delivery	Nicole Knipp	—	—
172	Management Consulting (MC)	Rick Shriner	MC Program & Change Mgmt	Addison Blackwell / Heather Elliott	MC Global Delivery	Nicole Knipp	MC Global Delivery	Nicole Knipp
173	Management Consulting (MC)	Rick Shriner	MC Program & Change Mgmt	Addison Blackwell / Heather Elliott	MC Program & Project Mgmt	Sachin Sharma	—	—
174	Management Consulting (MC)	Rick Shriner	MC Program & Change Mgmt	Addison Blackwell / Heather Elliott	MC Program & Project Mgmt	Sachin Sharma	MC Program & Project Mgmt	Sachin Sharma
175	Management Consulting (MC)	Rick Shriner	MC Strategy Advisory	David Hickethier	—	—	—	—
176	Management Consulting (MC)	Rick Shriner	MC Strategy Advisory	David Hickethier	MC Enterprise Strategy	Lucas Tasa	—	—
177	Management Consulting (MC)	Rick Shriner	MC Strategy Advisory	David Hickethier	MC Enterprise Strategy	Lucas Tasa	MC Enterprise Strategy	Lucas Tasa
178	Management Consulting (MC)	Rick Shriner	MC Strategy Advisory	David Hickethier	MC ESG Advisory	Alex Kotsopoulos	—	—
179	Management Consulting (MC)	Rick Shriner	MC Strategy Advisory	David Hickethier	MC ESG Advisory	Alex Kotsopoulos	MC ESG Advisory	Alex Kotsopoulos
180	Management Consulting (MC)	Rick Shriner	MC Strategy Advisory	David Hickethier	MC Human Centered Design	Josh Benton	—	—
181	Management Consulting (MC)	Rick Shriner	MC Strategy Advisory	David Hickethier	MC Human Centered Design	Josh Benton	MC Human Centered Design	Josh Benton
182	Risk Consulting (RC)	Tauseef Ghazi	—	—	—	—	—	—
183	Risk Consulting (RC)	Tauseef Ghazi	RC Business Risk Consulting	Dan Whelan	—	—	—	—
184	Risk Consulting (RC)	Tauseef Ghazi	RC Business Risk Consulting	Dan Whelan	RC ERP Risk & Automation Svcs (ERAS)	Kari Sklenka‑Gordon	—	—
185	Risk Consulting (RC)	Tauseef Ghazi	RC Business Risk Consulting	Dan Whelan	RC ERP Risk & Automation Svcs (ERAS)	Kari Sklenka‑Gordon	RC ERAS Automation	Kari Sklenka‑Gordon
186	Risk Consulting (RC)	Tauseef Ghazi	RC Business Risk Consulting	Dan Whelan	RC Government Services Risk	Jennifer Murtha	—	—
187	Risk Consulting (RC)	Tauseef Ghazi	RC Business Risk Consulting	Dan Whelan	RC Government Services Risk	Jennifer Murtha	RC Government Services Risk	Jennifer Murtha
188	Risk Consulting (RC)	Tauseef Ghazi	RC Business Risk Consulting	Dan Whelan	RC Healthcare Consulting	Carlos Hernandez	—	—
189	Risk Consulting (RC)	Tauseef Ghazi	RC Business Risk Consulting	Dan Whelan	RC Healthcare Consulting	Carlos Hernandez	RC Healthcare Compliance	Jill Nelson
190	Risk Consulting (RC)	Tauseef Ghazi	RC Business Risk Consulting	Dan Whelan	RC Healthcare Consulting	Carlos Hernandez	RC Healthcare Ind Audit Ctrls	Ryan Haggerty
191	Risk Consulting (RC)	Tauseef Ghazi	RC Business Risk Consulting	Dan Whelan	RC Healthcare Consulting	Carlos Hernandez	RC Healthcare Margin Imprvmnt	Jim Sink
192	Risk Consulting (RC)	Tauseef Ghazi	RC Business Risk Consulting	Dan Whelan	RC Process Risk & Controls (PRC)	Dan Whelan	—	—
193	Risk Consulting (RC)	Tauseef Ghazi	RC Business Risk Consulting	Dan Whelan	RC Process Risk & Controls (PRC)	Dan Whelan	RC PRC Products	Emily Leick
194	Risk Consulting (RC)	Tauseef Ghazi	RC Business Risk Consulting	Dan Whelan	RC Process Risk & Controls (PRC)	Dan Whelan	RC PRC Services	Brendan Day
195	Risk Consulting (RC)	Tauseef Ghazi	RC Cyber Risk & Data Protection (CRDP)	Daniel Gabriel	—	—	—	—
196	Risk Consulting (RC)	Tauseef Ghazi	RC CRDP	Daniel Gabriel	RC CRDP Cyber Compliance (CC)	Charles Barley, Jr.	—	—
197	Risk Consulting (RC)	Tauseef Ghazi	RC CRDP	Daniel Gabriel	RC CRDP Cyber Compliance (CC)	Charles Barley, Jr.	RC CRDP CC Data Protection	Charley Baley, Jr. (temporary)
198	Risk Consulting (RC)	Tauseef Ghazi	RC CRDP	Daniel Gabriel	RC CRDP Cyber Compliance (CC)	Charles Barley, Jr.	RC CRDP CC Federal Cyber	Kia Smith
199	Risk Consulting (RC)	Tauseef Ghazi	RC CRDP	Daniel Gabriel	RC CRDP Cyber Compliance (CC)	Charles Barley, Jr.	RC CRDP CC Secure Payment	Sebouh Karakashian
200	Risk Consulting (RC)	Tauseef Ghazi	RC CRDP	Daniel Gabriel	RC CRDP Cyber Strategy	Matt Franko	—	—
201	Risk Consulting (RC)	Tauseef Ghazi	RC CRDP	Daniel Gabriel	RC CRDP Cyber Strategy	Matt Franko	RC CRDP Cyber Strategy	Matt Franko
202	Risk Consulting (RC)	Tauseef Ghazi	RC CRDP	Daniel Gabriel	RC CRDP Cyber Testing & Response (CTR)	David Llorens	—	—
203	Risk Consulting (RC)	Tauseef Ghazi	RC CRDP	Daniel Gabriel	RC CRDP CTR	David Llorens	RC CRDP CTR Cyber Response	Alden Hutchison
204	Risk Consulting (RC)	Tauseef Ghazi	RC CRDP	Daniel Gabriel	RC CRDP CTR	David Llorens	RC CRDP CTR Cyber Testing	Travis Wendling
205	Risk Consulting (RC)	Tauseef Ghazi	RC CRDP	Daniel Gabriel	RC CRDP CTR	David Llorens	RC CRDP CTR Research Innovation	Efrain Torres‑Mejia
206	Risk Consulting (RC)	Tauseef Ghazi	RC CRDP	Daniel Gabriel	RC CRDP Cyber Transformation (CT)	Daniel Gabriel	—	—
207	Risk Consulting (RC)	Tauseef Ghazi	RC CRDP	Daniel Gabriel	RC CRDP CT	Daniel Gabriel	RC CRDP CT Cyber Engineering	Dietz Ellis
208	Risk Consulting (RC)	Tauseef Ghazi	RC CRDP	Daniel Gabriel	RC CRDP CT	Daniel Gabriel	RC CRDP CT Digital Identity	Omer Arshed
209	Risk Consulting (RC)	Tauseef Ghazi	RC CRDP	Daniel Gabriel	RC CRDP CT	Daniel Gabriel	RC CRDP CT Managed Security	Steve Kane
210	Risk Consulting (RC)	Tauseef Ghazi	RC CRDP	Daniel Gabriel	RC CRDP ServiceNow	Matt Franko	—	—
211	Risk Consulting (RC)	Tauseef Ghazi	RC CRDP	Daniel Gabriel	RC CRDP ServiceNow	Matt Franko	RC CRDP ServiceNow	Matt Franko
212	Risk Consulting (RC)	Tauseef Ghazi	RC CRDP	Daniel Gabriel	RC CRDP ServiceNow	Matt Franko	RC CRDP ServiceNow Technical	Matt Franko
213	Risk Consulting (RC)	Tauseef Ghazi	RC Financial Services Risk Consulting (FSRC)	Dom Henriques	—	—	—	—
214	Risk Consulting (RC)	Tauseef Ghazi	RC FSRC	Dom Henriques	RC FSRC FS Risk & Controls	Nicholas Hahn	—	—
215	Risk Consulting (RC)	Tauseef Ghazi	RC FSRC	Dom Henriques	RC FSRC FS Risk & Controls	Nicholas Hahn	RC FSRC FS Risk & Controls	Nicholas Hahn
216	Risk Consulting (RC)	Tauseef Ghazi	RC FSRC	Dom Henriques	RC FSRC Global Banks	Dom Henriques	—	—
217	Risk Consulting (RC)	Tauseef Ghazi	RC FSRC	Dom Henriques	RC FSRC Global Banks	Dom Henriques	RC FSRC GB Reg Compliance	Ira Goldberg
218	Risk Consulting (RC)	Tauseef Ghazi	RC FSRC	Dom Henriques	RC FSRC Global Banks	Dom Henriques	RC FSRC GB Risk & Controls	Henry Ngu
219	Risk Consulting (RC)	Tauseef Ghazi	RC FSRC	Dom Henriques	RC FSRC Global Banks	Dom Henriques	RC FSRC GB Risk Tech	Mike Apmann
220	Risk Consulting (RC)	Tauseef Ghazi	RC Technology Risk Consulting (TRC)	Sudhir Kondisetty	—	—	—	—
221	Risk Consulting (RC)	Tauseef Ghazi	RC TRC	Sudhir Kondisetty	RC Technology Risk Advisory	John Huyette	—	—
222	Risk Consulting (RC)	Tauseef Ghazi	RC TRC	Sudhir Kondisetty	RC Technology Risk Advisory	John Huyette	RC Technology Risk Advisory	John Huyette
223	Risk Consulting (RC)	Tauseef Ghazi	RC TRC	Sudhir Kondisetty	RC Technology Risk Compliance	Daniel Maccoll	—	—
224	Risk Consulting (RC)	Tauseef Ghazi	RC TRC	Sudhir Kondisetty	RC Technology Risk Compliance	Daniel Maccoll	RC Technology Risk Compliance	Daniel Maccoll
225	Risk Consulting (RC)	Tauseef Ghazi	RC TRC	Sudhir Kondisetty	RC Technology Risk Governance	Matt Gill	—	—
226	Risk Consulting (RC)	Tauseef Ghazi	RC TRC	Sudhir Kondisetty	RC Technology Risk Governance	Matt Gill	RC Technology Risk Governance	Matt Gill
227	Transaction Advisory Services (TAS)	Michael Grossman	—	—	—	—	—	—
228	Transaction Advisory Services (TAS)	Michael Grossman	TAS Extended Deal Services	Marc Logan	—	—	—	—
229	Transaction Advisory Services (TAS)	Michael Grossman	TAS Extended Deal Services	Marc Logan	TAS Deal Consulting	Marc Logan	—	—
230	Transaction Advisory Services (TAS)	Michael Grossman	TAS Extended Deal Services	Marc Logan	TAS Deal Analytics	Marc Logan	—	—
231	Transaction Advisory Services (TAS)	Michael Grossman	TAS Extended Deal Services	Marc Logan	TAS Value Creation	Marc Logan	—	—
232	Transaction Advisory Services (TAS)	Michael Grossman	TAS Extended Deal Services	Marc Logan	TAS Technology Diligence	Marc Logan	—	—
233	Transaction Advisory Services (TAS)	Michael Grossman	TAS Extended Deal Services	Marc Logan	TAS Cyber Due Diligence	Marc Logan	—	—
234	Transaction Advisory Services (TAS)	Michael Grossman	TAS Extended Deal Services	Marc Logan	TAS IT Due Diligence	Marc Logan	—	—
235	Transaction Advisory Services (TAS)	Michael Grossman	TAS Financial Due Diligence (FDD)	Michael Grossman	—	—	—	—
236	Transaction Advisory Services (TAS)	Michael Grossman	TAS FDD	Michael Grossman	TAS FDD Core	Joe Kinslow	—	—
237	Transaction Advisory Services (TAS)	Michael Grossman	TAS FDD	Michael Grossman	TAS FDD Core	Joe Kinslow	TAS FDD Core East	Pat Conroy
238	Transaction Advisory Services (TAS)	Michael Grossman	TAS FDD	Michael Grossman	TAS FDD Core	Joe Kinslow	TAS FDD Core West	Scott Walti
239	Transaction Advisory Services (TAS)	Michael Grossman	TAS FDD	Michael Grossman	TAS FDD Focus Industries	Joe Kinslow	—	—
240	Transaction Advisory Services (TAS)	Michael Grossman	TAS FDD	Michael Grossman	TAS FDD Focus Industries	Joe Kinslow	TAS FDD FS	Stan Macora
241	Transaction Advisory Services (TAS)	Michael Grossman	TAS FDD	Michael Grossman	TAS FDD Focus Industries	Joe Kinslow	TAS FDD GC	—
242	Transaction Advisory Services (TAS)	Michael Grossman	TAS FDD	Michael Grossman	TAS FDD Focus Industries	Joe Kinslow	TAS FDD HC	Tom Martin
243	Transaction Advisory Services (TAS)	Michael Grossman	TAS FDD	Michael Grossman	TAS FDD Focus Industries	Joe Kinslow	TAS FDD TMT	Pat Conroy
244	Transaction Advisory Services (TAS)	Michael Grossman	TAS FDD	Michael Grossman	TAS QRM	Joe Kinslow	—	—
245	Transaction Advisory Services (TAS)	Michael Grossman	TAS FDD	Michael Grossman	TAS QRM	Joe Kinslow	TAS QRM	Joe Kinslow
246	Other Consulting Services	—	—	—	—	—	—	—
247	Other Consulting Services	—	Other Consulting Services	—	—	—	—	—
248	Other Consulting Services	—	Other Consulting Services	—	CQRM	—	—	—
249	Other Consulting Services	—	Other Consulting Services	—	Delivery Assurance	—	—	—
250	Other Consulting Services	—	Other Consulting Services	—	Independence CS	—	—	—
251	Other Consulting Services	—	Other Consulting Services	—	National Consulting	—	—	—
252	Other Consulting Services	—	Other Consulting Services	—	RE FRO ARA	—	—	—
253	Other Consulting Services	—	Other Consulting Services	—	Solution Architects	—	—	—
254	Other Consulting Services	—	Other Consulting Services	—	Other PS	—	—	—
255	Other Consulting Services	—	Other Consulting Services	—	Other PS	—	—	—